{"cameraMode":{"drawMode":0,"name":"Shaded","section":"Shading Mode"},"sceneLighting":true,"audioPlay":false,"sceneViewState":{"showFog":true,"showMaterialUpdate":false,"showSkybox":true,"showFlares":true,"showImageEffects":true,"showParticleSystems":true},"in2DMode":false,"pivot":{"x":62.77436447143555,"y":0.2808048129081726,"z":70.95652770996094},"rotation":{"x":-0.21343682706356049,"y":-0.15256842970848084,"z":0.03376639634370804,"w":-0.9643792510032654},"size":2.0249600410461427,"orthographic":true}